CustomerID,CustomerName,PurchaseDate,Product,Quantity,Price,Category,City
46,Charlie,2023-01-01 00:00:00,Smartwatch,8,500,Wearables,Phoenix
42,Ivy,2023-01-01 01:00:00,Smartphone,7,1200,Electronics,Houston
5,Xander,2023-01-01 02:00:00,Desktop,7,1000,Electronics,San Antonio
30,Tom,2023-01-01 03:00:00,Laptop,7,500,Electronics,Dallas
28,Paul,2023-01-01 04:00:00,Laptop,1,500,Electronics,Phoenix
18,Hannah,2023-01-01 05:00:00,Laptop,8,1000,Electronics,Chicago
36,Mia,2023-01-01 06:00:00,Desktop,6,1200,Electronics,Phoenix
3,David,2023-01-01 07:00:00,Smartphone,3,500,Electronics,Philadelphia
21,Bob,2023-01-01 08:00:00,Smartwatch,3,300,Wearables,San Diego
46,Quinn,2023-01-01 09:00:00,Desktop,5,1000,Electronics,Chicago
16,Rose,2023-01-01 10:00:00,Desktop,1,500,Electronics,Houston
37,Quinn,2023-01-01 11:00:00,Smartphone,5,1200,Electronics,Los Angeles
42,Yara,2023-01-01 12:00:00,Laptop,8,700,Electronics,San Jose
5,Yara,2023-01-01 13:00:00,Smartwatch,4,300,Wearables,San Antonio
50,Frank,2023-01-01 14:00:00,Tablet,9,300,Electronics,Los Angeles
14,Tom,2023-01-01 15:00:00,Laptop,7,300,Electronics,San Antonio
31,Kate,2023-01-01 16:00:00,Laptop,7,300,Electronics,Philadelphia
46,Tom,2023-01-01 17:00:00,Smartphone,6,700,Electronics,New York
24,Rose,2023-01-01 18:00:00,Tablet,3,700,Electronics,San Diego
35,Nina,2023-01-01 19:00:00,Smartwatch,7,700,Wearables,San Diego
36,Alice,2023-01-01 20:00:00,Smartwatch,7,700,Wearables,Philadelphia
10,Will,2023-01-01 21:00:00,Smartwatch,6,1200,Wearables,San Jose
27,Bob,2023-01-01 22:00:00,Smartphone,1,500,Electronics,Los Angeles
27,Grace,2023-01-01 23:00:00,Tablet,3,700,Electronics,New York
23,Jack,2023-01-02 00:00:00,Tablet,2,700,Electronics,Houston
13,Frank,2023-01-02 01:00:00,Laptop,7,1200,Electronics,San Jose
16,Mia,2023-01-02 02:00:00,Desktop,2,1000,Electronics,Dallas
35,Kate,2023-01-02 03:00:00,Tablet,5,1200,Electronics,Houston
27,Xander,2023-01-02 04:00:00,Smartwatch,3,1000,Wearables,Chicago
39,Quinn,2023-01-02 05:00:00,Smartwatch,2,300,Wearables,Los Angeles
47,Rose,2023-01-02 06:00:00,Desktop,6,1200,Electronics,Los Angeles
17,Eva,2023-01-02 07:00:00,Desktop,3,300,Electronics,Dallas
48,Zane,2023-01-02 08:00:00,Laptop,2,1000,Electronics,San Antonio
41,Owen,2023-01-02 09:00:00,Laptop,6,1200,Electronics,Los Angeles
1,Nina,2023-01-02 10:00:00,Smartphone,3,1000,Electronics,New York
11,Vera,2023-01-02 11:00:00,Smartwatch,7,1000,Wearables,New York
12,Rose,2023-01-02 12:00:00,Smartphone,7,300,Electronics,Houston
14,Grace,2023-01-02 13:00:00,Smartwatch,3,1000,Wearables,Dallas
8,Kate,2023-01-02 14:00:00,Smartphone,1,500,Electronics,San Antonio
31,Frank,2023-01-02 15:00:00,Laptop,5,700,Electronics,Chicago
7,Eva,2023-01-02 16:00:00,Tablet,6,1200,Electronics,Dallas
46,Eva,2023-01-02 17:00:00,Desktop,8,300,Electronics,Los Angeles
31,Uma,2023-01-02 18:00:00,Smartwatch,4,700,Wearables,Dallas
16,Xander,2023-01-02 19:00:00,Laptop,7,300,Electronics,Chicago
42,Sam,2023-01-02 20:00:00,Laptop,6,500,Electronics,San Jose
39,Sam,2023-01-02 21:00:00,Laptop,6,700,Electronics,San Diego
44,Will,2023-01-02 22:00:00,Smartphone,3,1200,Electronics,Dallas
19,Vera,2023-01-02 23:00:00,Desktop,1,1000,Electronics,San Jose
8,Kate,2023-01-03 00:00:00,Laptop,6,1000,Electronics,New York
29,Leo,2023-01-03 01:00:00,Smartphone,2,700,Electronics,Los Angeles
2,Owen,2023-01-03 02:00:00,Laptop,4,300,Electronics,Los Angeles
42,Tom,2023-01-03 03:00:00,Smartphone,1,1200,Electronics,Los Angeles
3,Quinn,2023-01-03 04:00:00,Tablet,8,1000,Electronics,Chicago
29,Yara,2023-01-03 05:00:00,Smartphone,2,700,Electronics,Dallas
15,Yara,2023-01-03 06:00:00,Smartwatch,4,700,Wearables,San Diego
38,Bob,2023-01-03 07:00:00,Desktop,7,500,Electronics,San Antonio
28,Ivy,2023-01-03 08:00:00,Smartphone,6,1200,Electronics,Los Angeles
37,Hannah,2023-01-03 09:00:00,Desktop,7,1200,Electronics,Dallas
32,Frank,2023-01-03 10:00:00,Smartphone,7,300,Electronics,Los Angeles
30,Paul,2023-01-03 11:00:00,Desktop,2,300,Electronics,San Diego
47,Xander,2023-01-03 12:00:00,Tablet,6,700,Electronics,Phoenix
30,Jack,2023-01-03 13:00:00,Smartwatch,5,500,Wearables,Dallas
34,Uma,2023-01-03 14:00:00,Smartwatch,8,700,Wearables,Dallas
13,Alice,2023-01-03 15:00:00,Smartwatch,7,300,Wearables,Phoenix
33,Xander,2023-01-03 16:00:00,Smartphone,4,1000,Electronics,New York
42,Owen,2023-01-03 17:00:00,Smartwatch,3,500,Wearables,San Diego
17,Charlie,2023-01-03 18:00:00,Laptop,4,1200,Electronics,San Jose
3,Tom,2023-01-03 19:00:00,Laptop,7,1000,Electronics,Chicago
9,Zane,2023-01-03 20:00:00,Smartwatch,6,1000,Wearables,New York
11,Vera,2023-01-03 21:00:00,Smartwatch,8,1200,Wearables,San Antonio
49,Eva,2023-01-03 22:00:00,Smartphone,8,700,Electronics,Dallas
27,Alice,2023-01-03 23:00:00,Smartwatch,7,500,Wearables,Philadelphia
28,Uma,2023-01-04 00:00:00,Desktop,7,1000,Electronics,San Diego
2,Frank,2023-01-04 01:00:00,Tablet,6,700,Electronics,San Jose
1,Yara,2023-01-04 02:00:00,Smartphone,9,1200,Electronics,Houston
6,Rose,2023-01-04 03:00:00,Smartphone,6,700,Electronics,Philadelphia
25,Eva,2023-01-04 04:00:00,Laptop,4,1000,Electronics,New York
35,Yara,2023-01-04 05:00:00,Smartphone,8,500,Electronics,Houston
16,Alice,2023-01-04 06:00:00,Smartphone,3,500,Electronics,New York
4,Rose,2023-01-04 07:00:00,Tablet,8,1200,Electronics,Dallas
47,Rose,2023-01-04 08:00:00,Desktop,3,700,Electronics,Phoenix
38,Ivy,2023-01-04 09:00:00,Tablet,6,300,Electronics,Dallas
44,Jack,2023-01-04 10:00:00,Desktop,1,500,Electronics,Houston
20,Eva,2023-01-04 11:00:00,Laptop,3,300,Electronics,New York
25,Jack,2023-01-04 12:00:00,Tablet,9,700,Electronics,San Jose
7,Mia,2023-01-04 13:00:00,Tablet,2,700,Electronics,San Antonio
21,Quinn,2023-01-04 14:00:00,Tablet,9,300,Electronics,Houston
7,David,2023-01-04 15:00:00,Smartwatch,3,1200,Wearables,Houston
29,Alice,2023-01-04 16:00:00,Smartwatch,9,300,Wearables,New York
7,Owen,2023-01-04 17:00:00,Tablet,7,1000,Electronics,San Antonio
3,Xander,2023-01-04 18:00:00,Smartphone,9,300,Electronics,Philadelphia
29,Alice,2023-01-04 19:00:00,Laptop,4,300,Electronics,Chicago
29,Yara,2023-01-04 20:00:00,Smartphone,7,1200,Electronics,Philadelphia
39,Leo,2023-01-04 21:00:00,Laptop,5,1000,Electronics,Los Angeles
38,Bob,2023-01-04 22:00:00,Laptop,1,700,Electronics,Los Angeles
6,Sam,2023-01-04 23:00:00,Smartwatch,7,1000,Wearables,Dallas
46,Owen,2023-01-05 00:00:00,Laptop,7,300,Electronics,San Jose
10,Mia,2023-01-05 01:00:00,Tablet,4,700,Electronics,Phoenix
37,Ivy,2023-01-05 02:00:00,Tablet,5,1200,Electronics,New York
14,Frank,2023-01-05 03:00:00,Laptop,9,700,Electronics,San Jose
22,Yara,2023-01-05 04:00:00,Smartwatch,7,1200,Wearables,Dallas
32,Charlie,2023-01-05 05:00:00,Smartphone,1,300,Electronics,Phoenix
18,Rose,2023-01-05 06:00:00,Smartwatch,1,1000,Wearables,San Diego
36,Paul,2023-01-05 07:00:00,Smartwatch,4,1000,Wearables,Philadelphia
46,David,2023-01-05 08:00:00,Smartphone,6,1000,Electronics,San Diego
9,Vera,2023-01-05 09:00:00,Tablet,8,1000,Electronics,Phoenix
26,Quinn,2023-01-05 10:00:00,Desktop,1,1000,Electronics,Houston
22,Sam,2023-01-05 11:00:00,Smartwatch,9,500,Wearables,Los Angeles
46,Frank,2023-01-05 12:00:00,Tablet,1,300,Electronics,San Jose
38,Yara,2023-01-05 13:00:00,Laptop,2,1000,Electronics,Los Angeles
23,Will,2023-01-05 14:00:00,Smartwatch,5,1000,Wearables,Dallas
17,Sam,2023-01-05 15:00:00,Smartwatch,1,1200,Wearables,New York
26,Hannah,2023-01-05 16:00:00,Laptop,3,300,Electronics,San Antonio
47,Xander,2023-01-05 17:00:00,Desktop,5,1200,Electronics,Philadelphia
38,Rose,2023-01-05 18:00:00,Desktop,9,1000,Electronics,San Antonio
2,Yara,2023-01-05 19:00:00,Smartphone,3,300,Electronics,New York
6,Eva,2023-01-05 20:00:00,Laptop,3,300,Electronics,Phoenix
7,Nina,2023-01-05 21:00:00,Tablet,8,300,Electronics,San Antonio
13,Zane,2023-01-05 22:00:00,Tablet,7,700,Electronics,Phoenix
27,Tom,2023-01-05 23:00:00,Desktop,4,500,Electronics,Los Angeles
11,Paul,2023-01-06 00:00:00,Smartphone,3,500,Electronics,New York
15,Tom,2023-01-06 01:00:00,Smartphone,7,1000,Electronics,San Jose
9,Owen,2023-01-06 02:00:00,Tablet,6,500,Electronics,Phoenix
8,Sam,2023-01-06 03:00:00,Smartphone,5,300,Electronics,Houston
46,Zane,2023-01-06 04:00:00,Desktop,4,700,Electronics,San Jose
6,Alice,2023-01-06 05:00:00,Desktop,4,500,Electronics,Dallas
48,Eva,2023-01-06 06:00:00,Smartphone,8,500,Electronics,Houston
43,Grace,2023-01-06 07:00:00,Desktop,5,700,Electronics,San Diego
4,Uma,2023-01-06 08:00:00,Desktop,5,1200,Electronics,San Diego
11,Mia,2023-01-06 09:00:00,Smartphone,6,1000,Electronics,Houston
28,David,2023-01-06 10:00:00,Desktop,5,300,Electronics,Chicago
26,Sam,2023-01-06 11:00:00,Laptop,2,700,Electronics,Phoenix
4,Nina,2023-01-06 12:00:00,Desktop,2,1200,Electronics,San Diego
15,Tom,2023-01-06 13:00:00,Smartwatch,8,1000,Wearables,San Diego
19,Rose,2023-01-06 14:00:00,Tablet,1,1200,Electronics,San Jose
6,Bob,2023-01-06 15:00:00,Laptop,1,1000,Electronics,San Antonio
5,Sam,2023-01-06 16:00:00,Smartphone,6,500,Electronics,San Jose
18,Mia,2023-01-06 17:00:00,Tablet,8,700,Electronics,San Diego
6,Paul,2023-01-06 18:00:00,Smartwatch,1,1000,Wearables,San Jose
31,Hannah,2023-01-06 19:00:00,Tablet,6,700,Electronics,Los Angeles
25,Charlie,2023-01-06 20:00:00,Desktop,3,700,Electronics,New York
4,Hannah,2023-01-06 21:00:00,Tablet,1,1200,Electronics,Los Angeles
6,Nina,2023-01-06 22:00:00,Smartphone,8,300,Electronics,San Jose
41,Quinn,2023-01-06 23:00:00,Desktop,6,1200,Electronics,Dallas
37,Bob,2023-01-07 00:00:00,Desktop,1,1200,Electronics,San Jose
50,Yara,2023-01-07 01:00:00,Smartwatch,4,300,Wearables,Dallas
25,Quinn,2023-01-07 02:00:00,Tablet,6,300,Electronics,Los Angeles
34,Nina,2023-01-07 03:00:00,Smartwatch,4,1200,Wearables,San Diego
19,Frank,2023-01-07 04:00:00,Desktop,3,700,Electronics,Phoenix
34,Sam,2023-01-07 05:00:00,Desktop,3,500,Electronics,Los Angeles
15,Yara,2023-01-07 06:00:00,Smartwatch,1,300,Wearables,Dallas
50,Quinn,2023-01-07 07:00:00,Desktop,9,500,Electronics,New York
8,Mia,2023-01-07 08:00:00,Tablet,4,700,Electronics,Chicago
44,Eva,2023-01-07 09:00:00,Laptop,7,300,Electronics,San Antonio
47,Quinn,2023-01-07 10:00:00,Smartwatch,5,1000,Wearables,Phoenix
49,Tom,2023-01-07 11:00:00,Smartphone,4,1000,Electronics,Philadelphia
34,Owen,2023-01-07 12:00:00,Laptop,5,1200,Electronics,San Antonio
18,Ivy,2023-01-07 13:00:00,Smartphone,2,500,Electronics,New York
30,Owen,2023-01-07 14:00:00,Desktop,1,1000,Electronics,San Antonio
13,Rose,2023-01-07 15:00:00,Laptop,2,1200,Electronics,San Jose
47,Kate,2023-01-07 16:00:00,Desktop,2,1200,Electronics,Phoenix
33,Owen,2023-01-07 17:00:00,Desktop,8,1200,Electronics,San Diego
35,Grace,2023-01-07 18:00:00,Smartwatch,3,700,Wearables,Los Angeles
24,Nina,2023-01-07 19:00:00,Smartphone,8,500,Electronics,Dallas
26,Eva,2023-01-07 20:00:00,Tablet,1,300,Electronics,Philadelphia
47,Will,2023-01-07 21:00:00,Smartwatch,2,1200,Wearables,Dallas
44,Paul,2023-01-07 22:00:00,Smartwatch,9,300,Wearables,Philadelphia
42,Owen,2023-01-07 23:00:00,Smartphone,1,1000,Electronics,Philadelphia
47,Kate,2023-01-08 00:00:00,Smartwatch,4,700,Wearables,New York
1,Zane,2023-01-08 01:00:00,Smartphone,6,300,Electronics,San Diego
13,Leo,2023-01-08 02:00:00,Smartwatch,2,1200,Wearables,Dallas
10,Will,2023-01-08 03:00:00,Laptop,3,700,Electronics,Philadelphia
19,Owen,2023-01-08 04:00:00,Smartphone,2,1200,Electronics,New York
5,Leo,2023-01-08 05:00:00,Tablet,5,700,Electronics,San Diego
8,Uma,2023-01-08 06:00:00,Smartwatch,8,300,Wearables,Dallas
4,Xander,2023-01-08 07:00:00,Laptop,9,300,Electronics,San Antonio
49,Charlie,2023-01-08 08:00:00,Tablet,5,1000,Electronics,New York
13,Zane,2023-01-08 09:00:00,Smartwatch,5,500,Wearables,New York
38,Yara,2023-01-08 10:00:00,Smartwatch,7,1200,Wearables,San Jose
46,Alice,2023-01-08 11:00:00,Desktop,6,1200,Electronics,Phoenix
49,Yara,2023-01-08 12:00:00,Smartwatch,2,1000,Wearables,Philadelphia
46,Owen,2023-01-08 13:00:00,Tablet,1,700,Electronics,Phoenix
19,Grace,2023-01-08 14:00:00,Tablet,2,700,Electronics,Los Angeles
50,Sam,2023-01-08 15:00:00,Laptop,1,300,Electronics,Houston
8,Will,2023-01-08 16:00:00,Desktop,4,300,Electronics,Phoenix
27,Owen,2023-01-08 17:00:00,Laptop,6,1200,Electronics,San Antonio
50,Zane,2023-01-08 18:00:00,Laptop,6,500,Electronics,San Jose
47,Nina,2023-01-08 19:00:00,Smartwatch,7,1200,Wearables,San Jose
30,Mia,2023-01-08 20:00:00,Laptop,3,700,Electronics,New York
4,Frank,2023-01-08 21:00:00,Smartphone,6,500,Electronics,Phoenix
11,Tom,2023-01-08 22:00:00,Desktop,8,500,Electronics,Los Angeles
21,Xander,2023-01-08 23:00:00,Smartwatch,6,1000,Wearables,Los Angeles
43,Yara,2023-01-09 00:00:00,Smartphone,9,300,Electronics,Los Angeles
2,Tom,2023-01-09 01:00:00,Tablet,2,500,Electronics,San Jose
21,Ivy,2023-01-09 02:00:00,Desktop,6,1200,Electronics,San Antonio
17,Ivy,2023-01-09 03:00:00,Tablet,9,700,Electronics,San Antonio
43,Zane,2023-01-09 04:00:00,Tablet,2,300,Electronics,Los Angeles
29,Zane,2023-01-09 05:00:00,Smartwatch,5,1200,Wearables,Houston
27,Paul,2023-01-09 06:00:00,Smartphone,1,700,Electronics,Houston
24,Uma,2023-01-09 07:00:00,Desktop,3,1200,Electronics,San Antonio
49,Kate,2023-01-09 08:00:00,Smartwatch,1,1200,Wearables,Phoenix
3,Kate,2023-01-09 09:00:00,Laptop,8,300,Electronics,Phoenix
39,Uma,2023-01-09 10:00:00,Desktop,4,700,Electronics,Los Angeles
10,Rose,2023-01-09 11:00:00,Smartwatch,9,1200,Wearables,Phoenix
3,Alice,2023-01-09 12:00:00,Desktop,8,500,Electronics,Houston
45,Hannah,2023-01-09 13:00:00,Desktop,8,300,Electronics,Philadelphia
42,Grace,2023-01-09 14:00:00,Smartwatch,9,1000,Wearables,Phoenix
26,Charlie,2023-01-09 15:00:00,Tablet,2,500,Electronics,New York
37,Bob,2023-01-09 16:00:00,Tablet,9,700,Electronics,Los Angeles
27,Quinn,2023-01-09 17:00:00,Smartwatch,1,500,Wearables,Los Angeles
5,Will,2023-01-09 18:00:00,Desktop,8,1200,Electronics,Los Angeles
42,Nina,2023-01-09 19:00:00,Tablet,8,1000,Electronics,San Diego
11,Rose,2023-01-09 20:00:00,Smartphone,7,300,Electronics,Dallas
13,Will,2023-01-09 21:00:00,Laptop,6,1000,Electronics,Chicago
41,Hannah,2023-01-09 22:00:00,Laptop,9,500,Electronics,Philadelphia
34,Bob,2023-01-09 23:00:00,Smartphone,6,1000,Electronics,Chicago
38,Vera,2023-01-10 00:00:00,Smartphone,5,700,Electronics,Houston
40,Charlie,2023-01-10 01:00:00,Smartphone,1,1200,Electronics,New York
33,Alice,2023-01-10 02:00:00,Desktop,2,1200,Electronics,San Diego
34,Sam,2023-01-10 03:00:00,Tablet,9,700,Electronics,Houston
27,Grace,2023-01-10 04:00:00,Smartphone,1,1200,Electronics,San Jose
36,Grace,2023-01-10 05:00:00,Smartwatch,4,300,Wearables,Phoenix
26,David,2023-01-10 06:00:00,Laptop,8,1200,Electronics,Los Angeles
25,Vera,2023-01-10 07:00:00,Laptop,4,1200,Electronics,San Antonio
19,Eva,2023-01-10 08:00:00,Smartphone,8,500,Electronics,Phoenix
21,Xander,2023-01-10 09:00:00,Tablet,6,1000,Electronics,San Antonio
31,Tom,2023-01-10 10:00:00,Smartphone,4,1200,Electronics,Los Angeles
29,Sam,2023-01-10 11:00:00,Smartwatch,9,500,Wearables,Dallas
9,Grace,2023-01-10 12:00:00,Smartphone,4,700,Electronics,Los Angeles
19,Zane,2023-01-10 13:00:00,Desktop,2,300,Electronics,New York
26,Owen,2023-01-10 14:00:00,Smartphone,4,700,Electronics,Chicago
25,Paul,2023-01-10 15:00:00,Desktop,4,300,Electronics,Los Angeles
40,Rose,2023-01-10 16:00:00,Tablet,1,500,Electronics,Dallas
43,Vera,2023-01-10 17:00:00,Tablet,8,700,Electronics,Philadelphia
29,Bob,2023-01-10 18:00:00,Smartwatch,3,500,Wearables,San Jose
25,Jack,2023-01-10 19:00:00,Tablet,1,300,Electronics,Philadelphia
19,Tom,2023-01-10 20:00:00,Desktop,7,1200,Electronics,Dallas
4,Rose,2023-01-10 21:00:00,Tablet,7,500,Electronics,Dallas
45,Leo,2023-01-10 22:00:00,Desktop,8,1000,Electronics,Los Angeles
20,Alice,2023-01-10 23:00:00,Smartwatch,8,1200,Wearables,Philadelphia
46,Xander,2023-01-11 00:00:00,Desktop,2,1200,Electronics,New York
1,David,2023-01-11 01:00:00,Smartphone,3,1000,Electronics,Philadelphia
11,Zane,2023-01-11 02:00:00,Tablet,9,700,Electronics,New York
4,Will,2023-01-11 03:00:00,Laptop,6,1000,Electronics,Houston
7,Eva,2023-01-11 04:00:00,Smartphone,2,1200,Electronics,San Antonio
28,Uma,2023-01-11 05:00:00,Desktop,8,700,Electronics,Philadelphia
36,Tom,2023-01-11 06:00:00,Smartphone,4,700,Electronics,New York
7,Paul,2023-01-11 07:00:00,Smartphone,2,300,Electronics,Philadelphia
20,Frank,2023-01-11 08:00:00,Smartphone,7,1000,Electronics,Phoenix
35,Uma,2023-01-11 09:00:00,Smartphone,9,1200,Electronics,Chicago
39,Eva,2023-01-11 10:00:00,Desktop,3,500,Electronics,Dallas
21,Jack,2023-01-11 11:00:00,Tablet,8,300,Electronics,Philadelphia
44,Quinn,2023-01-11 12:00:00,Tablet,9,500,Electronics,Houston
1,Quinn,2023-01-11 13:00:00,Smartphone,7,700,Electronics,San Jose
37,Zane,2023-01-11 14:00:00,Laptop,9,1200,Electronics,San Diego
46,Frank,2023-01-11 15:00:00,Tablet,6,1200,Electronics,New York
42,Alice,2023-01-11 16:00:00,Desktop,1,1000,Electronics,New York
3,Will,2023-01-11 17:00:00,Desktop,1,1200,Electronics,Chicago
34,David,2023-01-11 18:00:00,Tablet,5,1200,Electronics,Philadelphia
13,Ivy,2023-01-11 19:00:00,Desktop,7,1000,Electronics,Houston
16,Jack,2023-01-11 20:00:00,Desktop,1,1000,Electronics,Houston
34,Kate,2023-01-11 21:00:00,Smartwatch,5,1200,Wearables,Chicago
24,Grace,2023-01-11 22:00:00,Desktop,3,1200,Electronics,Los Angeles
13,Mia,2023-01-11 23:00:00,Tablet,3,300,Electronics,Chicago
6,Leo,2023-01-12 00:00:00,Tablet,5,500,Electronics,Chicago
39,Charlie,2023-01-12 01:00:00,Laptop,8,300,Electronics,Houston
2,Rose,2023-01-12 02:00:00,Smartphone,2,300,Electronics,Chicago
11,Hannah,2023-01-12 03:00:00,Tablet,7,700,Electronics,Phoenix
7,Hannah,2023-01-12 04:00:00,Desktop,5,1200,Electronics,Philadelphia
7,Grace,2023-01-12 05:00:00,Laptop,7,300,Electronics,Houston
39,Xander,2023-01-12 06:00:00,Smartwatch,9,1200,Wearables,Los Angeles
39,Frank,2023-01-12 07:00:00,Laptop,7,300,Electronics,Chicago
12,Jack,2023-01-12 08:00:00,Desktop,3,700,Electronics,Houston
22,Yara,2023-01-12 09:00:00,Tablet,8,1200,Electronics,Dallas
3,Mia,2023-01-12 10:00:00,Laptop,5,500,Electronics,San Jose
13,Ivy,2023-01-12 11:00:00,Desktop,1,700,Electronics,Houston
30,Bob,2023-01-12 12:00:00,Smartwatch,2,1000,Wearables,Los Angeles
10,Owen,2023-01-12 13:00:00,Laptop,7,500,Electronics,San Diego
9,Nina,2023-01-12 14:00:00,Desktop,5,300,Electronics,Los Angeles
6,Paul,2023-01-12 15:00:00,Smartphone,1,1200,Electronics,New York
44,Eva,2023-01-12 16:00:00,Tablet,1,1200,Electronics,Los Angeles
2,Will,2023-01-12 17:00:00,Desktop,3,500,Electronics,Dallas
44,Uma,2023-01-12 18:00:00,Smartphone,8,1000,Electronics,Chicago
16,Charlie,2023-01-12 19:00:00,Tablet,7,1200,Electronics,New York
13,Hannah,2023-01-12 20:00:00,Tablet,7,1000,Electronics,San Antonio
48,Nina,2023-01-12 21:00:00,Tablet,8,1000,Electronics,Phoenix
13,Ivy,2023-01-12 22:00:00,Smartphone,8,700,Electronics,San Jose
22,Frank,2023-01-12 23:00:00,Laptop,1,500,Electronics,Los Angeles
19,Hannah,2023-01-13 00:00:00,Smartphone,5,500,Electronics,San Diego
26,Paul,2023-01-13 01:00:00,Smartphone,2,500,Electronics,Houston
14,Paul,2023-01-13 02:00:00,Desktop,5,300,Electronics,Los Angeles
31,Jack,2023-01-13 03:00:00,Desktop,6,500,Electronics,Houston
29,Zane,2023-01-13 04:00:00,Smartwatch,1,1200,Wearables,San Jose
45,Will,2023-01-13 05:00:00,Smartphone,7,1200,Electronics,Houston
42,Zane,2023-01-13 06:00:00,Smartphone,5,500,Electronics,Chicago
22,Zane,2023-01-13 07:00:00,Smartwatch,5,1200,Wearables,San Diego
7,Tom,2023-01-13 08:00:00,Smartphone,2,700,Electronics,Houston
37,Jack,2023-01-13 09:00:00,Smartphone,8,300,Electronics,Los Angeles
49,Leo,2023-01-13 10:00:00,Smartwatch,1,300,Wearables,Houston
41,David,2023-01-13 11:00:00,Smartwatch,2,1000,Wearables,Dallas
27,Hannah,2023-01-13 12:00:00,Smartwatch,3,1000,Wearables,Houston
31,Sam,2023-01-13 13:00:00,Tablet,9,300,Electronics,San Antonio
6,Ivy,2023-01-13 14:00:00,Desktop,8,500,Electronics,Phoenix
16,Bob,2023-01-13 15:00:00,Smartwatch,9,500,Wearables,San Diego
38,David,2023-01-13 16:00:00,Tablet,1,700,Electronics,Philadelphia
38,Sam,2023-01-13 17:00:00,Desktop,1,300,Electronics,San Diego
50,Rose,2023-01-13 18:00:00,Smartwatch,1,1200,Wearables,Chicago
32,Owen,2023-01-13 19:00:00,Smartphone,3,1200,Electronics,Chicago
33,Xander,2023-01-13 20:00:00,Smartphone,7,1000,Electronics,Los Angeles
49,Kate,2023-01-13 21:00:00,Desktop,9,300,Electronics,Houston
17,Kate,2023-01-13 22:00:00,Laptop,4,1000,Electronics,San Jose
33,Yara,2023-01-13 23:00:00,Desktop,8,700,Electronics,Chicago
11,Leo,2023-01-14 00:00:00,Tablet,4,1000,Electronics,Philadelphia
13,Nina,2023-01-14 01:00:00,Smartphone,4,700,Electronics,San Diego
30,Owen,2023-01-14 02:00:00,Smartphone,6,300,Electronics,New York
1,Xander,2023-01-14 03:00:00,Smartwatch,6,700,Wearables,San Antonio
30,Frank,2023-01-14 04:00:00,Tablet,5,1000,Electronics,San Antonio
27,Xander,2023-01-14 05:00:00,Laptop,9,300,Electronics,Los Angeles
40,Kate,2023-01-14 06:00:00,Tablet,3,1000,Electronics,New York
23,Hannah,2023-01-14 07:00:00,Tablet,9,1200,Electronics,San Jose
20,Rose,2023-01-14 08:00:00,Tablet,6,500,Electronics,San Antonio
6,Frank,2023-01-14 09:00:00,Tablet,8,700,Electronics,Philadelphia
37,Grace,2023-01-14 10:00:00,Laptop,6,700,Electronics,San Diego
20,Leo,2023-01-14 11:00:00,Tablet,5,500,Electronics,San Antonio
37,Vera,2023-01-14 12:00:00,Laptop,5,700,Electronics,San Antonio
6,Yara,2023-01-14 13:00:00,Desktop,8,700,Electronics,San Diego
29,Leo,2023-01-14 14:00:00,Tablet,9,1200,Electronics,Los Angeles
13,Yara,2023-01-14 15:00:00,Smartwatch,9,300,Wearables,San Diego
27,Rose,2023-01-14 16:00:00,Laptop,6,700,Electronics,San Diego
50,Vera,2023-01-14 17:00:00,Laptop,7,1200,Electronics,Houston
20,Sam,2023-01-14 18:00:00,Tablet,7,700,Electronics,San Jose
13,Zane,2023-01-14 19:00:00,Smartwatch,4,300,Wearables,Dallas
39,Frank,2023-01-14 20:00:00,Smartwatch,7,1200,Wearables,San Diego
8,Rose,2023-01-14 21:00:00,Tablet,1,700,Electronics,San Jose
17,Ivy,2023-01-14 22:00:00,Smartwatch,6,1200,Wearables,San Diego
30,Rose,2023-01-14 23:00:00,Laptop,7,500,Electronics,Los Angeles
1,Kate,2023-01-15 00:00:00,Tablet,6,700,Electronics,San Antonio
24,Hannah,2023-01-15 01:00:00,Tablet,5,1000,Electronics,Dallas
16,Leo,2023-01-15 02:00:00,Tablet,4,300,Electronics,New York
11,Yara,2023-01-15 03:00:00,Desktop,1,700,Electronics,Phoenix
4,Vera,2023-01-15 04:00:00,Tablet,6,700,Electronics,Houston
4,Owen,2023-01-15 05:00:00,Smartphone,2,1000,Electronics,Dallas
17,Alice,2023-01-15 06:00:00,Smartphone,6,1200,Electronics,San Antonio
49,Bob,2023-01-15 07:00:00,Laptop,2,300,Electronics,San Jose
10,Zane,2023-01-15 08:00:00,Desktop,2,1000,Electronics,San Jose
21,Vera,2023-01-15 09:00:00,Desktop,9,300,Electronics,San Jose
38,Bob,2023-01-15 10:00:00,Smartwatch,8,700,Wearables,San Antonio
49,Eva,2023-01-15 11:00:00,Tablet,4,300,Electronics,Phoenix
18,Zane,2023-01-15 12:00:00,Smartphone,6,1200,Electronics,Phoenix
10,Mia,2023-01-15 13:00:00,Desktop,3,500,Electronics,San Diego
45,Ivy,2023-01-15 14:00:00,Smartphone,7,300,Electronics,New York
16,Sam,2023-01-15 15:00:00,Smartphone,4,500,Electronics,Chicago
39,Mia,2023-01-15 16:00:00,Tablet,9,1200,Electronics,San Diego
15,Yara,2023-01-15 17:00:00,Smartphone,5,1000,Electronics,Phoenix
34,Tom,2023-01-15 18:00:00,Laptop,9,300,Electronics,Houston
5,David,2023-01-15 19:00:00,Laptop,1,300,Electronics,New York
17,Kate,2023-01-15 20:00:00,Desktop,9,300,Electronics,Houston
37,Hannah,2023-01-15 21:00:00,Desktop,5,300,Electronics,New York
8,Uma,2023-01-15 22:00:00,Smartwatch,1,500,Wearables,Philadelphia
24,Owen,2023-01-15 23:00:00,Smartphone,6,1200,Electronics,San Jose
28,Ivy,2023-01-16 00:00:00,Desktop,6,500,Electronics,Los Angeles
47,Owen,2023-01-16 01:00:00,Tablet,3,700,Electronics,Chicago
8,David,2023-01-16 02:00:00,Desktop,5,700,Electronics,Los Angeles
23,David,2023-01-16 03:00:00,Laptop,9,1000,Electronics,Houston
35,Rose,2023-01-16 04:00:00,Smartphone,9,1000,Electronics,Phoenix
31,Xander,2023-01-16 05:00:00,Laptop,5,300,Electronics,Chicago
17,Vera,2023-01-16 06:00:00,Desktop,2,700,Electronics,San Jose
28,Vera,2023-01-16 07:00:00,Desktop,9,500,Electronics,Houston
48,Mia,2023-01-16 08:00:00,Laptop,9,1200,Electronics,San Jose
48,Nina,2023-01-16 09:00:00,Smartwatch,9,700,Wearables,Los Angeles
12,Hannah,2023-01-16 10:00:00,Smartwatch,4,700,Wearables,Los Angeles
24,Paul,2023-01-16 11:00:00,Desktop,4,500,Electronics,San Antonio
15,Owen,2023-01-16 12:00:00,Smartwatch,3,700,Wearables,Phoenix
40,Hannah,2023-01-16 13:00:00,Laptop,6,500,Electronics,Dallas
31,Tom,2023-01-16 14:00:00,Smartphone,8,500,Electronics,Houston
27,Kate,2023-01-16 15:00:00,Desktop,6,500,Electronics,Los Angeles
35,Nina,2023-01-16 16:00:00,Tablet,9,500,Electronics,New York
18,Sam,2023-01-16 17:00:00,Smartwatch,8,700,Wearables,Los Angeles
36,Bob,2023-01-16 18:00:00,Smartwatch,1,700,Wearables,San Diego
8,Leo,2023-01-16 19:00:00,Tablet,3,1200,Electronics,New York
46,Sam,2023-01-16 20:00:00,Tablet,8,1000,Electronics,Dallas
49,Owen,2023-01-16 21:00:00,Laptop,4,1200,Electronics,Phoenix
38,Zane,2023-01-16 22:00:00,Laptop,6,500,Electronics,San Jose
5,Frank,2023-01-16 23:00:00,Smartwatch,2,300,Wearables,San Diego
14,Yara,2023-01-17 00:00:00,Smartphone,6,1200,Electronics,San Jose
38,Yara,2023-01-17 01:00:00,Laptop,2,300,Electronics,Los Angeles
20,Ivy,2023-01-17 02:00:00,Laptop,2,300,Electronics,San Jose
44,Sam,2023-01-17 03:00:00,Desktop,3,700,Electronics,Dallas
9,Charlie,2023-01-17 04:00:00,Desktop,5,500,Electronics,Dallas
33,Leo,2023-01-17 05:00:00,Laptop,4,1000,Electronics,Los Angeles
18,Mia,2023-01-17 06:00:00,Smartphone,2,1000,Electronics,Phoenix
6,Leo,2023-01-17 07:00:00,Smartwatch,2,1000,Wearables,Los Angeles
37,Ivy,2023-01-17 08:00:00,Tablet,3,1000,Electronics,Los Angeles
2,Eva,2023-01-17 09:00:00,Laptop,9,1000,Electronics,Philadelphia
30,Rose,2023-01-17 10:00:00,Smartphone,2,300,Electronics,New York
6,Mia,2023-01-17 11:00:00,Smartphone,8,300,Electronics,Phoenix
17,Rose,2023-01-17 12:00:00,Smartphone,9,300,Electronics,Dallas
39,Kate,2023-01-17 13:00:00,Laptop,3,500,Electronics,San Diego
41,Quinn,2023-01-17 14:00:00,Laptop,7,1200,Electronics,Phoenix
23,Kate,2023-01-17 15:00:00,Smartphone,6,700,Electronics,San Jose
31,Leo,2023-01-17 16:00:00,Smartphone,2,300,Electronics,Philadelphia
20,Charlie,2023-01-17 17:00:00,Laptop,7,500,Electronics,New York
5,Kate,2023-01-17 18:00:00,Smartwatch,3,500,Wearables,Chicago
21,Mia,2023-01-17 19:00:00,Laptop,6,700,Electronics,Chicago
43,Rose,2023-01-17 20:00:00,Desktop,7,1000,Electronics,Los Angeles
11,Hannah,2023-01-17 21:00:00,Smartphone,2,500,Electronics,San Jose
4,Quinn,2023-01-17 22:00:00,Smartwatch,6,1200,Wearables,Los Angeles
23,Kate,2023-01-17 23:00:00,Tablet,9,1200,Electronics,Dallas
38,Charlie,2023-01-18 00:00:00,Laptop,5,1200,Electronics,Houston
30,Zane,2023-01-18 01:00:00,Smartphone,7,500,Electronics,San Jose
42,Paul,2023-01-18 02:00:00,Laptop,6,500,Electronics,Houston
41,Leo,2023-01-18 03:00:00,Tablet,7,500,Electronics,San Antonio
18,Owen,2023-01-18 04:00:00,Laptop,1,500,Electronics,San Jose
41,Tom,2023-01-18 05:00:00,Smartwatch,3,1200,Wearables,Dallas
43,Uma,2023-01-18 06:00:00,Tablet,6,700,Electronics,Phoenix
31,Jack,2023-01-18 07:00:00,Desktop,7,700,Electronics,Phoenix
30,David,2023-01-18 08:00:00,Desktop,3,500,Electronics,Philadelphia
34,Quinn,2023-01-18 09:00:00,Smartphone,2,1200,Electronics,Dallas
31,Alice,2023-01-18 10:00:00,Desktop,5,700,Electronics,Phoenix
47,Nina,2023-01-18 11:00:00,Laptop,9,1200,Electronics,San Diego
38,Grace,2023-01-18 12:00:00,Smartwatch,9,500,Wearables,Dallas
25,Eva,2023-01-18 13:00:00,Desktop,4,500,Electronics,Chicago
17,David,2023-01-18 14:00:00,Smartphone,8,300,Electronics,Phoenix
36,Tom,2023-01-18 15:00:00,Laptop,3,500,Electronics,Los Angeles
40,Rose,2023-01-18 16:00:00,Smartphone,2,1200,Electronics,Philadelphia
30,Quinn,2023-01-18 17:00:00,Smartphone,2,500,Electronics,Philadelphia
2,Hannah,2023-01-18 18:00:00,Smartwatch,2,1000,Wearables,Los Angeles
24,Yara,2023-01-18 19:00:00,Smartwatch,7,300,Wearables,Dallas
9,Leo,2023-01-18 20:00:00,Smartphone,4,500,Electronics,Dallas
1,Will,2023-01-18 21:00:00,Smartphone,7,500,Electronics,Dallas
24,Charlie,2023-01-18 22:00:00,Desktop,6,300,Electronics,New York
38,Ivy,2023-01-18 23:00:00,Desktop,5,1000,Electronics,New York
48,Ivy,2023-01-19 00:00:00,Tablet,3,300,Electronics,Philadelphia
27,Zane,2023-01-19 01:00:00,Smartwatch,8,1200,Wearables,Houston
26,Grace,2023-01-19 02:00:00,Desktop,9,1200,Electronics,San Jose
26,Uma,2023-01-19 03:00:00,Smartphone,9,1000,Electronics,Philadelphia
7,Bob,2023-01-19 04:00:00,Desktop,1,500,Electronics,Phoenix
25,Yara,2023-01-19 05:00:00,Tablet,8,300,Electronics,Los Angeles
16,Vera,2023-01-19 06:00:00,Desktop,9,700,Electronics,Los Angeles
38,Eva,2023-01-19 07:00:00,Smartphone,9,1000,Electronics,Chicago
42,Tom,2023-01-19 08:00:00,Desktop,8,300,Electronics,San Jose
18,Leo,2023-01-19 09:00:00,Desktop,5,300,Electronics,Houston
17,Frank,2023-01-19 10:00:00,Smartwatch,7,1000,Wearables,Philadelphia
49,Hannah,2023-01-19 11:00:00,Smartwatch,7,700,Wearables,Chicago
44,Will,2023-01-19 12:00:00,Tablet,9,1200,Electronics,Houston
47,Kate,2023-01-19 13:00:00,Tablet,4,1200,Electronics,Los Angeles
6,Will,2023-01-19 14:00:00,Desktop,8,500,Electronics,San Jose
20,Jack,2023-01-19 15:00:00,Smartwatch,9,500,Wearables,San Diego
48,Tom,2023-01-19 16:00:00,Smartwatch,5,1200,Wearables,San Jose
23,Tom,2023-01-19 17:00:00,Desktop,3,700,Electronics,Houston
46,Sam,2023-01-19 18:00:00,Smartwatch,4,1000,Wearables,Phoenix
12,Xander,2023-01-19 19:00:00,Laptop,1,300,Electronics,New York
12,Tom,2023-01-19 20:00:00,Smartphone,5,500,Electronics,Los Angeles
34,Zane,2023-01-19 21:00:00,Laptop,9,1200,Electronics,Dallas
8,Zane,2023-01-19 22:00:00,Laptop,1,300,Electronics,Los Angeles
27,Frank,2023-01-19 23:00:00,Laptop,5,1000,Electronics,San Diego
49,Zane,2023-01-20 00:00:00,Smartwatch,3,1000,Wearables,Philadelphia
8,Nina,2023-01-20 01:00:00,Desktop,7,500,Electronics,Chicago
48,Paul,2023-01-20 02:00:00,Tablet,3,500,Electronics,Phoenix
33,Yara,2023-01-20 03:00:00,Smartphone,3,700,Electronics,San Jose
37,Tom,2023-01-20 04:00:00,Smartphone,3,1000,Electronics,Los Angeles
19,Mia,2023-01-20 05:00:00,Laptop,8,1200,Electronics,Dallas
24,Yara,2023-01-20 06:00:00,Tablet,7,1000,Electronics,Houston
22,Vera,2023-01-20 07:00:00,Desktop,7,1000,Electronics,Los Angeles
3,Leo,2023-01-20 08:00:00,Tablet,1,700,Electronics,Los Angeles
9,Zane,2023-01-20 09:00:00,Tablet,3,1000,Electronics,New York
11,Alice,2023-01-20 10:00:00,Smartphone,2,1200,Electronics,Chicago
6,Owen,2023-01-20 11:00:00,Smartwatch,5,700,Wearables,Los Angeles
39,Hannah,2023-01-20 12:00:00,Laptop,7,1000,Electronics,New York
39,Alice,2023-01-20 13:00:00,Smartwatch,4,500,Wearables,San Jose
37,Bob,2023-01-20 14:00:00,Smartphone,9,300,Electronics,San Antonio
2,Will,2023-01-20 15:00:00,Tablet,8,1000,Electronics,Philadelphia
37,Paul,2023-01-20 16:00:00,Laptop,6,1200,Electronics,San Antonio
6,Nina,2023-01-20 17:00:00,Desktop,1,1200,Electronics,San Jose
6,Will,2023-01-20 18:00:00,Desktop,3,500,Electronics,San Antonio
39,Leo,2023-01-20 19:00:00,Tablet,2,1000,Electronics,Philadelphia
36,Paul,2023-01-20 20:00:00,Smartwatch,1,1000,Wearables,Dallas
25,Eva,2023-01-20 21:00:00,Smartwatch,6,1000,Wearables,Los Angeles
50,Kate,2023-01-20 22:00:00,Laptop,8,1200,Electronics,San Diego
16,Vera,2023-01-20 23:00:00,Smartphone,4,700,Electronics,San Antonio
21,Hannah,2023-01-21 00:00:00,Smartwatch,5,700,Wearables,Houston
10,Kate,2023-01-21 01:00:00,Desktop,5,500,Electronics,San Antonio
5,Leo,2023-01-21 02:00:00,Desktop,8,1200,Electronics,Phoenix
50,Will,2023-01-21 03:00:00,Desktop,2,300,Electronics,San Antonio
25,Alice,2023-01-21 04:00:00,Smartwatch,8,500,Wearables,San Antonio
31,Rose,2023-01-21 05:00:00,Tablet,8,700,Electronics,San Diego
3,Mia,2023-01-21 06:00:00,Smartwatch,9,300,Wearables,New York
20,Leo,2023-01-21 07:00:00,Smartwatch,6,500,Wearables,Houston
4,Will,2023-01-21 08:00:00,Laptop,7,500,Electronics,Chicago
14,Paul,2023-01-21 09:00:00,Smartphone,2,1200,Electronics,Houston
12,Will,2023-01-21 10:00:00,Smartwatch,1,1000,Wearables,San Diego
14,Uma,2023-01-21 11:00:00,Smartwatch,1,700,Wearables,Houston
37,Charlie,2023-01-21 12:00:00,Smartphone,1,700,Electronics,Houston
18,Charlie,2023-01-21 13:00:00,Desktop,3,1000,Electronics,Houston
27,Kate,2023-01-21 14:00:00,Smartphone,4,300,Electronics,San Diego
7,Eva,2023-01-21 15:00:00,Smartwatch,2,300,Wearables,Houston
48,Eva,2023-01-21 16:00:00,Tablet,7,300,Electronics,Dallas
35,Tom,2023-01-21 17:00:00,Laptop,5,1000,Electronics,San Antonio
22,Mia,2023-01-21 18:00:00,Laptop,1,1200,Electronics,San Antonio
21,Rose,2023-01-21 19:00:00,Smartphone,9,1200,Electronics,Chicago
43,Quinn,2023-01-21 20:00:00,Smartphone,9,500,Electronics,Houston
18,Paul,2023-01-21 21:00:00,Desktop,7,700,Electronics,Phoenix
38,Grace,2023-01-21 22:00:00,Laptop,5,1000,Electronics,San Antonio
26,Grace,2023-01-21 23:00:00,Smartphone,6,1200,Electronics,Philadelphia
22,Quinn,2023-01-22 00:00:00,Smartwatch,6,700,Wearables,Philadelphia
37,Jack,2023-01-22 01:00:00,Smartwatch,8,300,Wearables,Chicago
5,Nina,2023-01-22 02:00:00,Tablet,8,1000,Electronics,Los Angeles
48,Yara,2023-01-22 03:00:00,Tablet,4,700,Electronics,Dallas
35,Jack,2023-01-22 04:00:00,Smartphone,6,1200,Electronics,Philadelphia
12,Vera,2023-01-22 05:00:00,Desktop,6,300,Electronics,Chicago
35,Charlie,2023-01-22 06:00:00,Desktop,5,500,Electronics,Phoenix
34,Jack,2023-01-22 07:00:00,Desktop,1,500,Electronics,Phoenix
47,Owen,2023-01-22 08:00:00,Desktop,6,500,Electronics,San Jose
20,Yara,2023-01-22 09:00:00,Laptop,7,1200,Electronics,Los Angeles
49,Eva,2023-01-22 10:00:00,Desktop,8,1000,Electronics,San Jose
12,Uma,2023-01-22 11:00:00,Tablet,1,700,Electronics,Phoenix
34,Alice,2023-01-22 12:00:00,Tablet,9,1200,Electronics,San Antonio
26,Kate,2023-01-22 13:00:00,Laptop,1,700,Electronics,Chicago
34,Nina,2023-01-22 14:00:00,Smartphone,8,1200,Electronics,Houston
32,Leo,2023-01-22 15:00:00,Smartwatch,9,300,Wearables,Houston
46,Charlie,2023-01-22 16:00:00,Tablet,9,1200,Electronics,San Jose
7,Frank,2023-01-22 17:00:00,Tablet,5,500,Electronics,Phoenix
26,Hannah,2023-01-22 18:00:00,Laptop,1,1000,Electronics,San Jose
25,Xander,2023-01-22 19:00:00,Tablet,4,700,Electronics,San Diego
46,Rose,2023-01-22 20:00:00,Smartwatch,7,300,Wearables,Philadelphia
39,David,2023-01-22 21:00:00,Laptop,9,500,Electronics,Chicago
17,Paul,2023-01-22 22:00:00,Desktop,4,300,Electronics,New York
24,Charlie,2023-01-22 23:00:00,Desktop,5,700,Electronics,New York
27,Quinn,2023-01-23 00:00:00,Desktop,5,1200,Electronics,Houston
4,Tom,2023-01-23 01:00:00,Smartwatch,5,1000,Wearables,San Diego
27,Sam,2023-01-23 02:00:00,Smartphone,2,500,Electronics,San Jose
47,Sam,2023-01-23 03:00:00,Tablet,4,1000,Electronics,Houston
30,Kate,2023-01-23 04:00:00,Smartwatch,9,700,Wearables,Los Angeles
3,Sam,2023-01-23 05:00:00,Smartphone,9,300,Electronics,Houston
6,David,2023-01-23 06:00:00,Laptop,4,1000,Electronics,San Antonio
8,Vera,2023-01-23 07:00:00,Smartwatch,3,300,Wearables,San Diego
16,Rose,2023-01-23 08:00:00,Laptop,2,1000,Electronics,Phoenix
15,Hannah,2023-01-23 09:00:00,Smartphone,5,700,Electronics,Chicago
36,Kate,2023-01-23 10:00:00,Smartwatch,8,300,Wearables,New York
40,Owen,2023-01-23 11:00:00,Tablet,7,1000,Electronics,Chicago
8,Frank,2023-01-23 12:00:00,Smartphone,9,1000,Electronics,Los Angeles
39,Leo,2023-01-23 13:00:00,Tablet,1,700,Electronics,New York
30,Tom,2023-01-23 14:00:00,Laptop,2,300,Electronics,San Jose
50,Kate,2023-01-23 15:00:00,Tablet,2,1000,Electronics,San Antonio
12,Kate,2023-01-23 16:00:00,Smartwatch,4,500,Wearables,Houston
4,Jack,2023-01-23 17:00:00,Smartwatch,8,700,Wearables,Houston
14,David,2023-01-23 18:00:00,Desktop,9,1000,Electronics,San Antonio
25,Leo,2023-01-23 19:00:00,Tablet,5,700,Electronics,San Antonio
5,Alice,2023-01-23 20:00:00,Desktop,7,1200,Electronics,Philadelphia
23,Grace,2023-01-23 21:00:00,Smartphone,3,1000,Electronics,Houston
30,Tom,2023-01-23 22:00:00,Laptop,7,500,Electronics,San Jose
39,Will,2023-01-23 23:00:00,Smartphone,1,1200,Electronics,Phoenix
12,Zane,2023-01-24 00:00:00,Laptop,1,700,Electronics,New York
15,Vera,2023-01-24 01:00:00,Tablet,3,300,Electronics,San Jose
19,Bob,2023-01-24 02:00:00,Smartwatch,1,300,Wearables,Dallas
26,Mia,2023-01-24 03:00:00,Tablet,6,700,Electronics,New York
45,Jack,2023-01-24 04:00:00,Laptop,1,300,Electronics,Los Angeles
4,Tom,2023-01-24 05:00:00,Desktop,5,300,Electronics,Phoenix
38,Leo,2023-01-24 06:00:00,Laptop,8,500,Electronics,San Jose
8,David,2023-01-24 07:00:00,Desktop,8,1200,Electronics,New York
30,Jack,2023-01-24 08:00:00,Smartphone,2,1000,Electronics,San Jose
15,Xander,2023-01-24 09:00:00,Smartwatch,9,1200,Wearables,Phoenix
12,Ivy,2023-01-24 10:00:00,Smartphone,7,700,Electronics,Phoenix
10,Uma,2023-01-24 11:00:00,Tablet,6,500,Electronics,Chicago
12,Xander,2023-01-24 12:00:00,Desktop,2,700,Electronics,Dallas
17,Ivy,2023-01-24 13:00:00,Desktop,6,1200,Electronics,Chicago
40,Jack,2023-01-24 14:00:00,Smartphone,5,500,Electronics,Los Angeles
2,Nina,2023-01-24 15:00:00,Smartwatch,3,500,Wearables,Philadelphia
19,Paul,2023-01-24 16:00:00,Smartwatch,7,1200,Wearables,San Diego
29,Paul,2023-01-24 17:00:00,Smartphone,2,1000,Electronics,Philadelphia
1,Eva,2023-01-24 18:00:00,Smartwatch,2,1200,Wearables,Phoenix
22,Bob,2023-01-24 19:00:00,Tablet,8,500,Electronics,San Antonio
25,Frank,2023-01-24 20:00:00,Laptop,6,500,Electronics,Philadelphia
10,Kate,2023-01-24 21:00:00,Desktop,5,1000,Electronics,Houston
9,Alice,2023-01-24 22:00:00,Desktop,2,1000,Electronics,Dallas
19,Tom,2023-01-24 23:00:00,Desktop,6,700,Electronics,San Jose
12,Grace,2023-01-25 00:00:00,Laptop,8,700,Electronics,San Diego
29,David,2023-01-25 01:00:00,Tablet,9,500,Electronics,New York
18,Quinn,2023-01-25 02:00:00,Smartphone,3,700,Electronics,Philadelphia
16,David,2023-01-25 03:00:00,Smartwatch,5,1000,Wearables,Dallas
4,Grace,2023-01-25 04:00:00,Smartwatch,8,700,Wearables,San Antonio
43,Jack,2023-01-25 05:00:00,Laptop,3,700,Electronics,San Antonio
25,Frank,2023-01-25 06:00:00,Desktop,9,500,Electronics,San Jose
22,Leo,2023-01-25 07:00:00,Smartwatch,3,1200,Wearables,Philadelphia
29,Rose,2023-01-25 08:00:00,Smartphone,2,1200,Electronics,San Diego
22,Xander,2023-01-25 09:00:00,Smartwatch,9,300,Wearables,San Jose
15,Leo,2023-01-25 10:00:00,Desktop,8,300,Electronics,Los Angeles
48,David,2023-01-25 11:00:00,Smartphone,2,500,Electronics,New York
2,Uma,2023-01-25 12:00:00,Desktop,4,500,Electronics,New York
13,Xander,2023-01-25 13:00:00,Desktop,6,1200,Electronics,Chicago
12,Owen,2023-01-25 14:00:00,Laptop,9,500,Electronics,Philadelphia
26,Owen,2023-01-25 15:00:00,Desktop,2,1000,Electronics,Dallas
40,Quinn,2023-01-25 16:00:00,Smartphone,4,500,Electronics,New York
12,David,2023-01-25 17:00:00,Laptop,2,700,Electronics,San Antonio
27,Vera,2023-01-25 18:00:00,Laptop,3,500,Electronics,Houston
46,Grace,2023-01-25 19:00:00,Smartphone,8,1200,Electronics,San Diego
35,Leo,2023-01-25 20:00:00,Laptop,6,1000,Electronics,Philadelphia
2,Grace,2023-01-25 21:00:00,Smartphone,9,300,Electronics,New York
17,Xander,2023-01-25 22:00:00,Smartwatch,6,1000,Wearables,Houston
2,Uma,2023-01-25 23:00:00,Laptop,4,1000,Electronics,San Diego
17,Xander,2023-01-26 00:00:00,Smartwatch,3,700,Wearables,Phoenix
34,Charlie,2023-01-26 01:00:00,Laptop,6,1000,Electronics,San Antonio
34,Alice,2023-01-26 02:00:00,Desktop,5,500,Electronics,Dallas
45,Bob,2023-01-26 03:00:00,Smartphone,9,1200,Electronics,Chicago
39,Will,2023-01-26 04:00:00,Desktop,2,1000,Electronics,Los Angeles
41,Vera,2023-01-26 05:00:00,Smartwatch,1,1000,Wearables,Chicago
9,Zane,2023-01-26 06:00:00,Smartphone,9,500,Electronics,Dallas
14,Eva,2023-01-26 07:00:00,Smartphone,9,1000,Electronics,Houston
43,Nina,2023-01-26 08:00:00,Smartwatch,5,300,Wearables,San Antonio
20,Ivy,2023-01-26 09:00:00,Smartphone,1,1000,Electronics,Los Angeles
33,Hannah,2023-01-26 10:00:00,Smartphone,5,1000,Electronics,San Diego
24,Yara,2023-01-26 11:00:00,Laptop,3,1000,Electronics,San Jose
5,Will,2023-01-26 12:00:00,Tablet,8,300,Electronics,Houston
32,Rose,2023-01-26 13:00:00,Desktop,5,300,Electronics,New York
23,Uma,2023-01-26 14:00:00,Tablet,5,300,Electronics,Philadelphia
1,Ivy,2023-01-26 15:00:00,Smartphone,6,300,Electronics,San Jose
38,Frank,2023-01-26 16:00:00,Tablet,7,1000,Electronics,Dallas
32,Bob,2023-01-26 17:00:00,Laptop,4,500,Electronics,San Diego
16,Will,2023-01-26 18:00:00,Smartwatch,8,1200,Wearables,Philadelphia
20,Sam,2023-01-26 19:00:00,Smartwatch,1,1200,Wearables,San Antonio
16,Kate,2023-01-26 20:00:00,Tablet,5,1000,Electronics,Dallas
13,Leo,2023-01-26 21:00:00,Laptop,5,700,Electronics,Houston
46,Hannah,2023-01-26 22:00:00,Smartwatch,6,1200,Wearables,San Jose
11,Kate,2023-01-26 23:00:00,Tablet,9,300,Electronics,San Antonio
42,Vera,2023-01-27 00:00:00,Tablet,6,700,Electronics,New York
17,Hannah,2023-01-27 01:00:00,Desktop,7,500,Electronics,San Jose
7,Zane,2023-01-27 02:00:00,Laptop,2,700,Electronics,Philadelphia
22,Mia,2023-01-27 03:00:00,Desktop,5,500,Electronics,Los Angeles
31,Will,2023-01-27 04:00:00,Tablet,6,700,Electronics,San Jose
4,Will,2023-01-27 05:00:00,Desktop,4,1200,Electronics,Houston
17,Tom,2023-01-27 06:00:00,Desktop,7,300,Electronics,New York
1,Zane,2023-01-27 07:00:00,Tablet,9,500,Electronics,Houston
2,Nina,2023-01-27 08:00:00,Smartwatch,8,500,Wearables,Chicago
33,Zane,2023-01-27 09:00:00,Smartphone,5,700,Electronics,Los Angeles
44,Kate,2023-01-27 10:00:00,Smartwatch,8,300,Wearables,Los Angeles
19,David,2023-01-27 11:00:00,Laptop,9,1000,Electronics,Los Angeles
19,Uma,2023-01-27 12:00:00,Smartwatch,2,500,Wearables,San Diego
23,Uma,2023-01-27 13:00:00,Tablet,5,300,Electronics,Dallas
16,Rose,2023-01-27 14:00:00,Desktop,6,1000,Electronics,Phoenix
16,Tom,2023-01-27 15:00:00,Laptop,6,500,Electronics,Chicago
29,Zane,2023-01-27 16:00:00,Laptop,4,300,Electronics,Houston
8,Frank,2023-01-27 17:00:00,Laptop,9,500,Electronics,Dallas
28,Bob,2023-01-27 18:00:00,Desktop,4,1200,Electronics,San Diego
25,Mia,2023-01-27 19:00:00,Smartwatch,6,300,Wearables,Los Angeles
25,Zane,2023-01-27 20:00:00,Desktop,4,700,Electronics,San Jose
13,Hannah,2023-01-27 21:00:00,Smartphone,5,700,Electronics,Dallas
14,Frank,2023-01-27 22:00:00,Laptop,7,1000,Electronics,San Antonio
19,Uma,2023-01-27 23:00:00,Tablet,2,1200,Electronics,San Jose
15,Charlie,2023-01-28 00:00:00,Desktop,8,1000,Electronics,Dallas
15,Quinn,2023-01-28 01:00:00,Laptop,7,700,Electronics,New York
21,Nina,2023-01-28 02:00:00,Desktop,6,300,Electronics,Houston
8,Ivy,2023-01-28 03:00:00,Desktop,3,1200,Electronics,Los Angeles
45,Hannah,2023-01-28 04:00:00,Smartwatch,4,500,Wearables,Los Angeles
44,Bob,2023-01-28 05:00:00,Desktop,6,500,Electronics,Los Angeles
28,Bob,2023-01-28 06:00:00,Tablet,9,300,Electronics,Chicago
45,Bob,2023-01-28 07:00:00,Smartphone,4,700,Electronics,Chicago
16,Jack,2023-01-28 08:00:00,Smartphone,2,1000,Electronics,Phoenix
24,Xander,2023-01-28 09:00:00,Desktop,7,700,Electronics,Chicago
12,Eva,2023-01-28 10:00:00,Desktop,8,300,Electronics,San Jose
14,Yara,2023-01-28 11:00:00,Desktop,9,700,Electronics,San Jose
30,Grace,2023-01-28 12:00:00,Smartphone,2,1000,Electronics,San Jose
32,Bob,2023-01-28 13:00:00,Desktop,8,1000,Electronics,San Diego
47,Sam,2023-01-28 14:00:00,Smartwatch,4,1200,Wearables,Phoenix
19,Yara,2023-01-28 15:00:00,Desktop,8,1200,Electronics,New York
5,Uma,2023-01-28 16:00:00,Tablet,5,1200,Electronics,San Diego
29,Xander,2023-01-28 17:00:00,Tablet,2,700,Electronics,San Diego
2,Zane,2023-01-28 18:00:00,Smartphone,2,500,Electronics,Phoenix
50,Kate,2023-01-28 19:00:00,Tablet,9,700,Electronics,Los Angeles
50,Paul,2023-01-28 20:00:00,Smartphone,3,1000,Electronics,San Antonio
24,Yara,2023-01-28 21:00:00,Tablet,1,1200,Electronics,Dallas
17,Yara,2023-01-28 22:00:00,Smartphone,9,300,Electronics,New York
42,David,2023-01-28 23:00:00,Laptop,6,500,Electronics,Phoenix
27,Sam,2023-01-29 00:00:00,Tablet,6,700,Electronics,Philadelphia
49,Vera,2023-01-29 01:00:00,Desktop,4,500,Electronics,Dallas
3,Grace,2023-01-29 02:00:00,Smartphone,1,300,Electronics,San Antonio
48,Uma,2023-01-29 03:00:00,Smartphone,2,1200,Electronics,New York
18,Vera,2023-01-29 04:00:00,Smartwatch,8,1200,Wearables,New York
21,Xander,2023-01-29 05:00:00,Laptop,5,1000,Electronics,San Diego
39,Zane,2023-01-29 06:00:00,Laptop,5,700,Electronics,Los Angeles
1,Alice,2023-01-29 07:00:00,Desktop,5,1000,Electronics,San Jose
7,Owen,2023-01-29 08:00:00,Smartphone,5,500,Electronics,New York
45,David,2023-01-29 09:00:00,Laptop,6,300,Electronics,Philadelphia
23,Vera,2023-01-29 10:00:00,Laptop,7,300,Electronics,Dallas
16,Frank,2023-01-29 11:00:00,Smartwatch,9,1000,Wearables,Los Angeles
11,Hannah,2023-01-29 12:00:00,Desktop,5,1000,Electronics,Phoenix
35,Yara,2023-01-29 13:00:00,Desktop,5,500,Electronics,Los Angeles
41,Quinn,2023-01-29 14:00:00,Laptop,8,1200,Electronics,Dallas
39,Leo,2023-01-29 15:00:00,Tablet,8,300,Electronics,New York
22,Leo,2023-01-29 16:00:00,Smartwatch,5,1000,Wearables,Chicago
35,Mia,2023-01-29 17:00:00,Tablet,6,300,Electronics,Dallas
33,Charlie,2023-01-29 18:00:00,Smartwatch,8,1200,Wearables,Phoenix
43,Will,2023-01-29 19:00:00,Tablet,5,300,Electronics,New York
45,Frank,2023-01-29 20:00:00,Desktop,6,1200,Electronics,San Jose
36,Rose,2023-01-29 21:00:00,Smartphone,2,1200,Electronics,San Jose
42,Owen,2023-01-29 22:00:00,Desktop,5,700,Electronics,San Diego
40,Frank,2023-01-29 23:00:00,Laptop,1,500,Electronics,San Diego
28,Owen,2023-01-30 00:00:00,Tablet,2,300,Electronics,Houston
49,Rose,2023-01-30 01:00:00,Laptop,4,1200,Electronics,San Antonio
11,Jack,2023-01-30 02:00:00,Desktop,3,300,Electronics,Los Angeles
5,Owen,2023-01-30 03:00:00,Tablet,1,1000,Electronics,Dallas
18,Mia,2023-01-30 04:00:00,Smartwatch,8,500,Wearables,Phoenix
4,Charlie,2023-01-30 05:00:00,Smartphone,3,500,Electronics,Philadelphia
38,David,2023-01-30 06:00:00,Desktop,1,1000,Electronics,Houston
31,Alice,2023-01-30 07:00:00,Desktop,2,1000,Electronics,Los Angeles
24,Mia,2023-01-30 08:00:00,Smartphone,9,300,Electronics,Dallas
30,Mia,2023-01-30 09:00:00,Desktop,2,700,Electronics,San Jose
39,Mia,2023-01-30 10:00:00,Tablet,2,300,Electronics,Philadelphia
31,Tom,2023-01-30 11:00:00,Tablet,6,300,Electronics,San Diego
12,Alice,2023-01-30 12:00:00,Desktop,7,1200,Electronics,Phoenix
3,Rose,2023-01-30 13:00:00,Tablet,7,300,Electronics,Houston
30,Charlie,2023-01-30 14:00:00,Desktop,9,500,Electronics,San Diego
8,Sam,2023-01-30 15:00:00,Desktop,2,700,Electronics,Phoenix
10,Tom,2023-01-30 16:00:00,Smartwatch,6,1000,Wearables,Phoenix
24,Eva,2023-01-30 17:00:00,Smartphone,6,500,Electronics,New York
1,Vera,2023-01-30 18:00:00,Tablet,7,1000,Electronics,San Diego
49,Yara,2023-01-30 19:00:00,Smartphone,1,1200,Electronics,Philadelphia
18,Frank,2023-01-30 20:00:00,Smartwatch,4,300,Wearables,Houston
41,Rose,2023-01-30 21:00:00,Laptop,8,1200,Electronics,Los Angeles
22,Grace,2023-01-30 22:00:00,Desktop,3,1000,Electronics,Chicago
31,Paul,2023-01-30 23:00:00,Tablet,1,300,Electronics,San Diego
27,Bob,2023-01-31 00:00:00,Laptop,8,300,Electronics,New York
16,Paul,2023-01-31 01:00:00,Laptop,8,1200,Electronics,Phoenix
49,Jack,2023-01-31 02:00:00,Tablet,7,1000,Electronics,Philadelphia
18,Will,2023-01-31 03:00:00,Laptop,8,700,Electronics,Phoenix
11,Nina,2023-01-31 04:00:00,Desktop,1,1200,Electronics,Chicago
18,Rose,2023-01-31 05:00:00,Desktop,7,500,Electronics,Chicago
4,Mia,2023-01-31 06:00:00,Desktop,1,500,Electronics,Chicago
40,Vera,2023-01-31 07:00:00,Smartwatch,3,500,Wearables,Los Angeles
10,Will,2023-01-31 08:00:00,Laptop,7,1000,Electronics,San Diego
30,Nina,2023-01-31 09:00:00,Desktop,9,500,Electronics,Los Angeles
4,Sam,2023-01-31 10:00:00,Smartwatch,9,500,Wearables,San Jose
8,Paul,2023-01-31 11:00:00,Desktop,7,300,Electronics,San Diego
17,Charlie,2023-01-31 12:00:00,Desktop,4,300,Electronics,San Diego
35,Leo,2023-01-31 13:00:00,Tablet,3,300,Electronics,Houston
5,Jack,2023-01-31 14:00:00,Desktop,4,1000,Electronics,Los Angeles
27,Sam,2023-01-31 15:00:00,Desktop,2,500,Electronics,San Diego
37,Ivy,2023-01-31 16:00:00,Desktop,5,1200,Electronics,San Jose
7,Will,2023-01-31 17:00:00,Desktop,1,500,Electronics,San Diego
33,Tom,2023-01-31 18:00:00,Desktop,9,300,Electronics,San Jose
18,Paul,2023-01-31 19:00:00,Smartphone,3,500,Electronics,San Diego
38,Eva,2023-01-31 20:00:00,Smartphone,7,300,Electronics,Dallas
28,Kate,2023-01-31 21:00:00,Smartwatch,8,500,Wearables,Houston
15,Rose,2023-01-31 22:00:00,Smartwatch,8,1000,Wearables,San Jose
23,Grace,2023-01-31 23:00:00,Smartwatch,9,700,Wearables,New York
32,Will,2023-02-01 00:00:00,Smartphone,1,700,Electronics,San Jose
9,Mia,2023-02-01 01:00:00,Smartwatch,3,500,Wearables,San Diego
30,Ivy,2023-02-01 02:00:00,Tablet,2,1200,Electronics,Philadelphia
29,Ivy,2023-02-01 03:00:00,Laptop,7,500,Electronics,Philadelphia
32,Ivy,2023-02-01 04:00:00,Tablet,4,500,Electronics,Philadelphia
35,Mia,2023-02-01 05:00:00,Laptop,7,700,Electronics,San Jose
18,Frank,2023-02-01 06:00:00,Laptop,8,500,Electronics,Philadelphia
29,Sam,2023-02-01 07:00:00,Desktop,5,500,Electronics,Chicago
48,Charlie,2023-02-01 08:00:00,Smartwatch,1,300,Wearables,New York
17,Frank,2023-02-01 09:00:00,Laptop,9,500,Electronics,Phoenix
9,Zane,2023-02-01 10:00:00,Desktop,3,300,Electronics,Dallas
45,Frank,2023-02-01 11:00:00,Tablet,4,1000,Electronics,San Antonio
8,Eva,2023-02-01 12:00:00,Desktop,3,1200,Electronics,Los Angeles
13,Kate,2023-02-01 13:00:00,Laptop,9,500,Electronics,Philadelphia
33,Rose,2023-02-01 14:00:00,Desktop,1,300,Electronics,San Antonio
21,Leo,2023-02-01 15:00:00,Desktop,7,300,Electronics,San Diego
44,Rose,2023-02-01 16:00:00,Tablet,7,500,Electronics,Phoenix
12,Ivy,2023-02-01 17:00:00,Tablet,6,700,Electronics,San Diego
30,Yara,2023-02-01 18:00:00,Laptop,8,700,Electronics,San Antonio
41,David,2023-02-01 19:00:00,Desktop,4,500,Electronics,Dallas
1,Quinn,2023-02-01 20:00:00,Smartphone,7,500,Electronics,New York
21,Leo,2023-02-01 21:00:00,Desktop,9,700,Electronics,Houston
46,Zane,2023-02-01 22:00:00,Laptop,6,500,Electronics,San Antonio
29,Sam,2023-02-01 23:00:00,Smartphone,3,500,Electronics,Dallas
14,Paul,2023-02-02 00:00:00,Desktop,9,700,Electronics,Philadelphia
38,Zane,2023-02-02 01:00:00,Tablet,2,300,Electronics,Phoenix
48,David,2023-02-02 02:00:00,Laptop,5,1000,Electronics,Dallas
40,Will,2023-02-02 03:00:00,Desktop,1,500,Electronics,San Jose
5,Eva,2023-02-02 04:00:00,Tablet,5,700,Electronics,San Jose
47,Hannah,2023-02-02 05:00:00,Laptop,8,500,Electronics,San Jose
13,Vera,2023-02-02 06:00:00,Smartphone,1,500,Electronics,Philadelphia
38,Vera,2023-02-02 07:00:00,Smartphone,2,300,Electronics,New York
49,David,2023-02-02 08:00:00,Laptop,5,1000,Electronics,Los Angeles
5,Yara,2023-02-02 09:00:00,Tablet,1,500,Electronics,Chicago
42,Leo,2023-02-02 10:00:00,Smartphone,1,1000,Electronics,San Jose
37,Xander,2023-02-02 11:00:00,Laptop,1,700,Electronics,San Diego
17,Paul,2023-02-02 12:00:00,Desktop,4,700,Electronics,San Diego
19,Nina,2023-02-02 13:00:00,Laptop,9,1200,Electronics,Phoenix
38,Paul,2023-02-02 14:00:00,Laptop,7,300,Electronics,Philadelphia
31,Bob,2023-02-02 15:00:00,Laptop,3,700,Electronics,Chicago
47,Leo,2023-02-02 16:00:00,Tablet,1,500,Electronics,Chicago
36,Xander,2023-02-02 17:00:00,Smartwatch,7,500,Wearables,Phoenix
49,Frank,2023-02-02 18:00:00,Desktop,6,700,Electronics,New York
1,Eva,2023-02-02 19:00:00,Tablet,7,1200,Electronics,Philadelphia
50,Alice,2023-02-02 20:00:00,Laptop,2,300,Electronics,Dallas
10,Frank,2023-02-02 21:00:00,Desktop,5,1200,Electronics,Philadelphia
34,Leo,2023-02-02 22:00:00,Tablet,5,1000,Electronics,Los Angeles
49,Nina,2023-02-02 23:00:00,Smartphone,3,300,Electronics,Dallas
50,Hannah,2023-02-03 00:00:00,Desktop,3,300,Electronics,Dallas
13,Ivy,2023-02-03 01:00:00,Smartwatch,5,500,Wearables,Phoenix
7,Leo,2023-02-03 02:00:00,Smartwatch,4,300,Wearables,New York
37,Bob,2023-02-03 03:00:00,Desktop,4,300,Electronics,Philadelphia
36,Owen,2023-02-03 04:00:00,Desktop,7,500,Electronics,San Diego
39,Grace,2023-02-03 05:00:00,Laptop,1,300,Electronics,Los Angeles
37,Leo,2023-02-03 06:00:00,Laptop,9,1200,Electronics,San Antonio
31,Kate,2023-02-03 07:00:00,Laptop,6,300,Electronics,Dallas
20,Will,2023-02-03 08:00:00,Desktop,6,700,Electronics,Dallas
39,Zane,2023-02-03 09:00:00,Smartwatch,3,300,Wearables,San Diego
45,Alice,2023-02-03 10:00:00,Smartphone,1,300,Electronics,Philadelphia
36,Sam,2023-02-03 11:00:00,Smartwatch,5,1000,Wearables,Dallas
15,Ivy,2023-02-03 12:00:00,Laptop,1,1000,Electronics,Los Angeles
30,Grace,2023-02-03 13:00:00,Tablet,6,1200,Electronics,San Antonio
18,Will,2023-02-03 14:00:00,Smartwatch,3,1000,Wearables,New York
4,Leo,2023-02-03 15:00:00,Laptop,4,1200,Electronics,Philadelphia
30,David,2023-02-03 16:00:00,Desktop,3,1000,Electronics,Philadelphia
28,Uma,2023-02-03 17:00:00,Smartphone,9,1000,Electronics,Houston
4,Eva,2023-02-03 18:00:00,Tablet,1,500,Electronics,Phoenix
34,Eva,2023-02-03 19:00:00,Smartwatch,7,1200,Wearables,San Antonio
28,Rose,2023-02-03 20:00:00,Laptop,1,300,Electronics,Philadelphia
37,Uma,2023-02-03 21:00:00,Smartwatch,2,1000,Wearables,Houston
22,Paul,2023-02-03 22:00:00,Smartphone,4,1200,Electronics,Dallas
40,Tom,2023-02-03 23:00:00,Tablet,6,300,Electronics,San Diego
43,Ivy,2023-02-04 00:00:00,Smartwatch,2,1000,Wearables,San Diego
11,Jack,2023-02-04 01:00:00,Smartphone,3,700,Electronics,Dallas
30,Sam,2023-02-04 02:00:00,Tablet,1,300,Electronics,Dallas
50,Rose,2023-02-04 03:00:00,Smartwatch,6,1000,Wearables,San Antonio
30,Hannah,2023-02-04 04:00:00,Laptop,7,1000,Electronics,San Diego
25,Yara,2023-02-04 05:00:00,Smartphone,2,300,Electronics,Dallas
17,Tom,2023-02-04 06:00:00,Laptop,3,1200,Electronics,Chicago
1,David,2023-02-04 07:00:00,Smartphone,7,500,Electronics,Houston
37,Jack,2023-02-04 08:00:00,Laptop,7,1000,Electronics,Phoenix
35,Paul,2023-02-04 09:00:00,Laptop,8,1200,Electronics,Phoenix
14,Quinn,2023-02-04 10:00:00,Smartwatch,1,700,Wearables,Phoenix
2,Xander,2023-02-04 11:00:00,Smartwatch,6,300,Wearables,Phoenix
3,Hannah,2023-02-04 12:00:00,Laptop,5,1200,Electronics,Los Angeles
3,Vera,2023-02-04 13:00:00,Smartphone,8,1200,Electronics,Chicago
20,David,2023-02-04 14:00:00,Smartwatch,5,1200,Wearables,Philadelphia
13,Hannah,2023-02-04 15:00:00,Smartwatch,7,500,Wearables,San Antonio
31,Ivy,2023-02-04 16:00:00,Laptop,7,500,Electronics,San Antonio
40,Frank,2023-02-04 17:00:00,Smartphone,9,700,Electronics,San Jose
22,Frank,2023-02-04 18:00:00,Laptop,7,1000,Electronics,Chicago
14,Bob,2023-02-04 19:00:00,Desktop,1,500,Electronics,Philadelphia
50,Xander,2023-02-04 20:00:00,Laptop,3,500,Electronics,New York
27,Owen,2023-02-04 21:00:00,Smartphone,1,500,Electronics,San Jose
13,Grace,2023-02-04 22:00:00,Smartwatch,1,500,Wearables,Los Angeles
50,Rose,2023-02-04 23:00:00,Smartwatch,9,700,Wearables,Los Angeles
1,Ivy,2023-02-05 00:00:00,Tablet,5,1200,Electronics,Los Angeles
2,Bob,2023-02-05 01:00:00,Laptop,1,300,Electronics,Dallas
37,Charlie,2023-02-05 02:00:00,Smartwatch,2,300,Wearables,Houston
11,Quinn,2023-02-05 03:00:00,Desktop,1,1200,Electronics,Houston
43,Charlie,2023-02-05 04:00:00,Smartwatch,9,1000,Wearables,Chicago
33,Leo,2023-02-05 05:00:00,Desktop,6,700,Electronics,Houston
29,Kate,2023-02-05 06:00:00,Smartwatch,3,700,Wearables,Houston
3,Uma,2023-02-05 07:00:00,Smartwatch,9,500,Wearables,New York
29,Eva,2023-02-05 08:00:00,Smartphone,1,1200,Electronics,Dallas
2,Owen,2023-02-05 09:00:00,Smartwatch,6,500,Wearables,San Jose
14,Yara,2023-02-05 10:00:00,Desktop,1,300,Electronics,Phoenix
20,Uma,2023-02-05 11:00:00,Smartphone,9,300,Electronics,Dallas
48,Hannah,2023-02-05 12:00:00,Smartwatch,6,1200,Wearables,New York
18,Frank,2023-02-05 13:00:00,Smartphone,7,300,Electronics,Houston
37,Owen,2023-02-05 14:00:00,Smartwatch,5,700,Wearables,New York
8,Sam,2023-02-05 15:00:00,Tablet,5,500,Electronics,Dallas
7,Owen,2023-02-05 16:00:00,Smartphone,3,700,Electronics,Houston
10,Paul,2023-02-05 17:00:00,Desktop,5,1200,Electronics,New York
16,Tom,2023-02-05 18:00:00,Tablet,1,1200,Electronics,Dallas
19,Alice,2023-02-05 19:00:00,Smartwatch,9,300,Wearables,Los Angeles
30,Xander,2023-02-05 20:00:00,Smartwatch,2,1000,Wearables,San Antonio
43,Zane,2023-02-05 21:00:00,Tablet,8,1000,Electronics,New York
19,Grace,2023-02-05 22:00:00,Laptop,5,1200,Electronics,San Antonio
3,Jack,2023-02-05 23:00:00,Tablet,2,700,Electronics,Philadelphia
30,Yara,2023-02-06 00:00:00,Desktop,1,500,Electronics,Chicago
18,Bob,2023-02-06 01:00:00,Smartwatch,6,1000,Wearables,Houston
36,Leo,2023-02-06 02:00:00,Smartphone,2,1000,Electronics,Philadelphia
20,Xander,2023-02-06 03:00:00,Laptop,9,700,Electronics,Houston
17,Grace,2023-02-06 04:00:00,Smartphone,2,1200,Electronics,San Diego
24,Ivy,2023-02-06 05:00:00,Tablet,7,300,Electronics,San Antonio
13,Eva,2023-02-06 06:00:00,Smartwatch,1,700,Wearables,New York
36,Mia,2023-02-06 07:00:00,Desktop,1,1200,Electronics,Phoenix
46,David,2023-02-06 08:00:00,Tablet,3,500,Electronics,Dallas
3,Frank,2023-02-06 09:00:00,Tablet,1,1200,Electronics,Phoenix
21,Mia,2023-02-06 10:00:00,Smartphone,8,300,Electronics,San Jose
4,Sam,2023-02-06 11:00:00,Smartphone,3,1200,Electronics,Chicago
18,Alice,2023-02-06 12:00:00,Smartwatch,8,1200,Wearables,Chicago
45,Bob,2023-02-06 13:00:00,Smartphone,6,700,Electronics,Dallas
39,Uma,2023-02-06 14:00:00,Laptop,5,300,Electronics,Houston
43,Nina,2023-02-06 15:00:00,Smartwatch,1,300,Wearables,Phoenix
11,Quinn,2023-02-06 16:00:00,Desktop,8,1000,Electronics,Houston
38,Leo,2023-02-06 17:00:00,Laptop,9,1000,Electronics,Phoenix
43,Vera,2023-02-06 18:00:00,Tablet,2,500,Electronics,Chicago
41,Owen,2023-02-06 19:00:00,Smartphone,4,500,Electronics,San Jose
48,Nina,2023-02-06 20:00:00,Desktop,3,300,Electronics,Dallas
28,Ivy,2023-02-06 21:00:00,Smartwatch,3,1200,Wearables,Los Angeles
5,David,2023-02-06 22:00:00,Smartphone,6,1000,Electronics,New York
23,Jack,2023-02-06 23:00:00,Laptop,8,500,Electronics,Houston
38,Rose,2023-02-07 00:00:00,Tablet,2,300,Electronics,Dallas
36,Frank,2023-02-07 01:00:00,Tablet,6,1200,Electronics,Houston
31,Leo,2023-02-07 02:00:00,Smartphone,4,700,Electronics,San Jose
8,Nina,2023-02-07 03:00:00,Smartwatch,6,1200,Wearables,Phoenix
25,Jack,2023-02-07 04:00:00,Smartwatch,7,1000,Wearables,Dallas
25,Nina,2023-02-07 05:00:00,Smartphone,4,1200,Electronics,San Jose
48,Nina,2023-02-07 06:00:00,Smartphone,7,1000,Electronics,San Jose
16,Quinn,2023-02-07 07:00:00,Smartphone,8,700,Electronics,San Jose
11,Yara,2023-02-07 08:00:00,Desktop,6,1200,Electronics,San Jose
20,Rose,2023-02-07 09:00:00,Smartphone,7,700,Electronics,Phoenix
14,Will,2023-02-07 10:00:00,Desktop,6,1000,Electronics,Los Angeles
40,Zane,2023-02-07 11:00:00,Laptop,8,1000,Electronics,Philadelphia
38,Nina,2023-02-07 12:00:00,Smartphone,6,1000,Electronics,Phoenix
40,Hannah,2023-02-07 13:00:00,Smartphone,4,300,Electronics,Philadelphia
19,Rose,2023-02-07 14:00:00,Smartwatch,4,1000,Wearables,Dallas
8,Eva,2023-02-07 15:00:00,Smartphone,5,500,Electronics,San Diego
25,Leo,2023-02-07 16:00:00,Desktop,1,1200,Electronics,New York
33,Paul,2023-02-07 17:00:00,Desktop,2,300,Electronics,San Antonio
45,Zane,2023-02-07 18:00:00,Smartphone,4,700,Electronics,Los Angeles
40,Ivy,2023-02-07 19:00:00,Desktop,4,700,Electronics,Los Angeles
41,Grace,2023-02-07 20:00:00,Smartphone,4,500,Electronics,San Jose
48,Hannah,2023-02-07 21:00:00,Laptop,9,1200,Electronics,Phoenix
37,Vera,2023-02-07 22:00:00,Desktop,9,500,Electronics,Philadelphia
43,Xander,2023-02-07 23:00:00,Desktop,4,1200,Electronics,Los Angeles
17,Yara,2023-02-08 00:00:00,Desktop,9,700,Electronics,Philadelphia
27,Leo,2023-02-08 01:00:00,Desktop,5,500,Electronics,San Jose
41,Frank,2023-02-08 02:00:00,Smartphone,1,700,Electronics,Philadelphia
17,Rose,2023-02-08 03:00:00,Smartphone,7,1200,Electronics,Houston
47,Uma,2023-02-08 04:00:00,Laptop,9,500,Electronics,San Diego
33,Xander,2023-02-08 05:00:00,Smartphone,7,500,Electronics,Los Angeles
31,Yara,2023-02-08 06:00:00,Desktop,4,300,Electronics,San Diego
21,Xander,2023-02-08 07:00:00,Laptop,9,300,Electronics,New York
24,Xander,2023-02-08 08:00:00,Tablet,3,1200,Electronics,San Antonio
16,Zane,2023-02-08 09:00:00,Smartwatch,9,1200,Wearables,San Antonio
45,Jack,2023-02-08 10:00:00,Laptop,9,500,Electronics,Philadelphia
20,Alice,2023-02-08 11:00:00,Smartwatch,9,300,Wearables,Houston
35,Grace,2023-02-08 12:00:00,Desktop,3,1200,Electronics,New York
28,Tom,2023-02-08 13:00:00,Tablet,6,500,Electronics,San Antonio
46,Hannah,2023-02-08 14:00:00,Smartwatch,7,1200,Wearables,Phoenix
35,Sam,2023-02-08 15:00:00,Laptop,6,1000,Electronics,San Diego
18,Grace,2023-02-08 16:00:00,Smartphone,9,300,Electronics,Philadelphia
24,David,2023-02-08 17:00:00,Smartwatch,6,1200,Wearables,Phoenix
28,Frank,2023-02-08 18:00:00,Smartphone,9,700,Electronics,Dallas
14,Yara,2023-02-08 19:00:00,Smartwatch,3,500,Wearables,Houston
49,Jack,2023-02-08 20:00:00,Desktop,1,500,Electronics,San Diego
24,Frank,2023-02-08 21:00:00,Smartphone,3,300,Electronics,San Diego
31,Quinn,2023-02-08 22:00:00,Tablet,1,300,Electronics,Dallas
6,Grace,2023-02-08 23:00:00,Laptop,3,500,Electronics,Houston
40,Zane,2023-02-09 00:00:00,Tablet,1,1200,Electronics,Los Angeles
34,Leo,2023-02-09 01:00:00,Smartwatch,9,300,Wearables,Dallas
50,Rose,2023-02-09 02:00:00,Smartwatch,1,300,Wearables,Philadelphia
35,Uma,2023-02-09 03:00:00,Tablet,5,500,Electronics,Phoenix
29,Hannah,2023-02-09 04:00:00,Smartwatch,5,500,Wearables,Phoenix
2,Vera,2023-02-09 05:00:00,Desktop,4,1200,Electronics,Los Angeles
5,Sam,2023-02-09 06:00:00,Laptop,6,500,Electronics,Los Angeles
22,Kate,2023-02-09 07:00:00,Desktop,3,1000,Electronics,Dallas
9,Grace,2023-02-09 08:00:00,Smartphone,5,1200,Electronics,Dallas
34,Eva,2023-02-09 09:00:00,Laptop,1,700,Electronics,Houston
36,Hannah,2023-02-09 10:00:00,Laptop,6,1200,Electronics,Chicago
49,Paul,2023-02-09 11:00:00,Smartwatch,6,1000,Wearables,San Antonio
36,Nina,2023-02-09 12:00:00,Smartphone,8,700,Electronics,Houston
26,David,2023-02-09 13:00:00,Tablet,8,1200,Electronics,New York
6,Grace,2023-02-09 14:00:00,Smartphone,2,500,Electronics,New York
2,Leo,2023-02-09 15:00:00,Tablet,3,700,Electronics,Philadelphia
36,Hannah,2023-02-09 16:00:00,Smartphone,9,300,Electronics,Dallas
8,Leo,2023-02-09 17:00:00,Smartphone,8,500,Electronics,San Diego
2,Quinn,2023-02-09 18:00:00,Tablet,9,1200,Electronics,Philadelphia
2,Will,2023-02-09 19:00:00,Desktop,2,500,Electronics,Dallas
8,Eva,2023-02-09 20:00:00,Smartwatch,4,500,Wearables,New York
26,Sam,2023-02-09 21:00:00,Smartwatch,3,500,Wearables,Los Angeles
37,Leo,2023-02-09 22:00:00,Smartwatch,9,300,Wearables,Chicago
14,Tom,2023-02-09 23:00:00,Tablet,8,500,Electronics,New York
45,Charlie,2023-02-10 00:00:00,Smartwatch,2,300,Wearables,Dallas
28,Quinn,2023-02-10 01:00:00,Laptop,7,1200,Electronics,Chicago
33,Jack,2023-02-10 02:00:00,Smartphone,1,1000,Electronics,Dallas
44,Frank,2023-02-10 03:00:00,Tablet,9,300,Electronics,New York
20,Ivy,2023-02-10 04:00:00,Tablet,5,500,Electronics,San Antonio
35,Rose,2023-02-10 05:00:00,Laptop,7,300,Electronics,San Antonio
46,Quinn,2023-02-10 06:00:00,Smartphone,7,700,Electronics,San Antonio
37,Mia,2023-02-10 07:00:00,Smartwatch,2,1200,Wearables,Houston
17,Zane,2023-02-10 08:00:00,Tablet,4,500,Electronics,Phoenix
49,Frank,2023-02-10 09:00:00,Tablet,1,700,Electronics,Houston
43,Zane,2023-02-10 10:00:00,Tablet,8,700,Electronics,New York
44,Sam,2023-02-10 11:00:00,Tablet,2,300,Electronics,Houston
4,Mia,2023-02-10 12:00:00,Tablet,8,700,Electronics,San Antonio
9,Bob,2023-02-10 13:00:00,Tablet,2,500,Electronics,San Antonio
20,Kate,2023-02-10 14:00:00,Laptop,6,700,Electronics,San Antonio
47,David,2023-02-10 15:00:00,Tablet,6,700,Electronics,Philadelphia
1,Quinn,2023-02-10 16:00:00,Desktop,7,300,Electronics,San Jose
21,Grace,2023-02-10 17:00:00,Smartphone,8,500,Electronics,New York
33,Alice,2023-02-10 18:00:00,Smartphone,8,1000,Electronics,Los Angeles
35,Hannah,2023-02-10 19:00:00,Smartwatch,9,1200,Wearables,Phoenix
44,Zane,2023-02-10 20:00:00,Tablet,5,1000,Electronics,San Diego
6,David,2023-02-10 21:00:00,Tablet,6,1000,Electronics,Chicago
22,Yara,2023-02-10 22:00:00,Laptop,9,500,Electronics,San Antonio
25,Uma,2023-02-10 23:00:00,Desktop,7,500,Electronics,New York
3,Eva,2023-02-11 00:00:00,Smartphone,9,700,Electronics,Los Angeles
8,Mia,2023-02-11 01:00:00,Smartphone,6,1200,Electronics,Los Angeles
45,Vera,2023-02-11 02:00:00,Smartwatch,9,300,Wearables,New York
12,Rose,2023-02-11 03:00:00,Tablet,9,500,Electronics,Los Angeles
29,Will,2023-02-11 04:00:00,Laptop,5,500,Electronics,Philadelphia
32,Ivy,2023-02-11 05:00:00,Smartwatch,6,700,Wearables,New York
2,Paul,2023-02-11 06:00:00,Smartwatch,3,1200,Wearables,San Antonio
17,Grace,2023-02-11 07:00:00,Smartwatch,2,300,Wearables,Los Angeles
19,Kate,2023-02-11 08:00:00,Laptop,2,1200,Electronics,New York
15,Bob,2023-02-11 09:00:00,Laptop,8,1200,Electronics,Philadelphia
22,Eva,2023-02-11 10:00:00,Tablet,8,700,Electronics,San Antonio
48,Eva,2023-02-11 11:00:00,Laptop,1,1000,Electronics,Dallas
48,Nina,2023-02-11 12:00:00,Smartwatch,7,500,Wearables,San Antonio
6,Nina,2023-02-11 13:00:00,Tablet,4,1000,Electronics,New York
34,Jack,2023-02-11 14:00:00,Smartwatch,3,1000,Wearables,San Jose
43,Ivy,2023-02-11 15:00:00,Smartwatch,2,1000,Wearables,Los Angeles
